-- ==========================================================
-- Creaci�n de la Base de Datos
-- ==========================================================

USE master;
GO

IF NOT EXISTS ( SELECT name FROM sys.sysdatabases WHERE name = 'RH' )
BEGIN
	CREATE DATABASE RH;
END;
GO

-- ==========================================================
-- Seleccionar la Base de Datos
-- ==========================================================

USE RH
GO

-- ==========================================================
-- Eliminar las tablas en caso existan
-- ==========================================================

IF EXISTS ( SELECT 1 FROM sys.sysobjects WHERE name = 'empleado' AND xtype='U' )
BEGIN
	DROP TABLE dbo.empleado;
END;
GO

IF EXISTS ( SELECT 1 FROM sys.sysobjects WHERE name = 'departamento' AND xtype='U' )
BEGIN
	DROP TABLE dbo.departamento;
END;
GO

IF EXISTS ( SELECT 1 FROM sys.sysobjects WHERE name = 'ubicacion' AND xtype='U' )
BEGIN
	DROP TABLE dbo.ubicacion;
END;
GO

IF EXISTS ( SELECT 1 FROM sys.sysobjects WHERE name = 'cargo' AND xtype='U' )
BEGIN
	DROP TABLE dbo.cargo;
END;
GO

IF EXISTS ( SELECT 1 FROM sys.sysobjects WHERE name = 'control' AND xtype='U' )
BEGIN
	DROP TABLE dbo.control;
END;
GO


-- ==========================================================
-- Crear la Tabla de usuarios: usuarios
-- ==========================================================

CREATE TABLE dbo.Usuario (
    id     int IDENTITY(1,1) NOT NULL,
    nombreUsuario      VARCHAR(50) NOT NULL,
    contrasena  VARCHAR(250) NOT NULL,
);
go


-- ==========================================================
-- Crear la Tabla de Puestos de Trabajo: cargo
-- ==========================================================

CREATE TABLE dbo.cargo (
    idcargo     CHAR(3) NOT NULL,
    nombre      VARCHAR(50) NOT NULL,
    sueldo_min  MONEY NOT NULL,
    sueldo_max  MONEY NOT NULL,
    CONSTRAINT pk_cargo PRIMARY KEY ( idcargo )
);
go

-- ==========================================================
-- Crear la Tabla de Oficinas: ubicacion
-- ==========================================================

CREATE TABLE dbo.ubicacion (
    idubicacion   CHAR(3) NOT NULL,
    ciudad        VARCHAR(50) NOT NULL,
    direccion     VARCHAR(100) NOT NULL,
    CONSTRAINT pk_ubicacion PRIMARY KEY ( idubicacion )
);
go

-- ==========================================================
-- Crear la Tabla de Departamentos: departamento
-- ==========================================================

CREATE TABLE dbo.departamento (
    iddepartamento  INT NOT NULL,
    nombre          VARCHAR(100) NOT NULL,
    idubicacion     CHAR(3) NOT NULL,
    CONSTRAINT pk_departamento 
		PRIMARY KEY ( iddepartamento ),
    CONSTRAINT fk_departamento_ubicacion 
        FOREIGN KEY ( idubicacion ) 
        REFERENCES dbo.ubicacion ( idubicacion )
        ON DELETE NO ACTION 
        ON UPDATE NO ACTION
);
go

-- ==========================================================
-- Crear la Tabla de Empleados: empleado
-- ==========================================================

CREATE TABLE dbo.empleado (
    idempleado     CHAR(5)        NOT NULL,
    apellido       VARCHAR(50)    NOT NULL,
    nombre         VARCHAR(50)    NOT NULL,
    fecingreso     smalldatetime  NOT NULL,
    email          VARCHAR(50)    NULL,
    telefono       VARCHAR(20)    NULL,
    idcargo        CHAR(3)        NOT NULL,
    iddepartamento INT            NOT NULL,
    sueldo         MONEY          NOT NULL,
    comision       MONEY     NULL,
    jefe           CHAR(5)        NULL,
    CONSTRAINT pk_empleado 
        PRIMARY KEY ( idempleado ),
    CONSTRAINT fk_empleado_cargo 
        FOREIGN KEY ( idcargo ) 
        REFERENCES dbo.cargo ( idcargo )
        ON DELETE NO ACTION
        ON UPDATE NO ACTION,
    CONSTRAINT fk_empleado_departamento 
        FOREIGN KEY ( iddepartamento ) 
        REFERENCES dbo.departamento ( iddepartamento )
        ON DELETE NO ACTION 
        ON UPDATE NO ACTION,
    CONSTRAINT fk_empleado_empleado 
        FOREIGN KEY ( jefe ) 
        REFERENCES dbo.empleado ( idempleado )
        ON DELETE NO ACTION
        ON UPDATE NO ACTION
);
GO

-- ==========================================================
-- Crear la Tabla de Par�metros: control
-- ==========================================================

CREATE TABLE dbo.control (
    parametro   VARCHAR(20) NOT NULL,
    valor       VARCHAR(20) NOT NULL,
    CONSTRAINT pk_control PRIMARY KEY ( parametro )
);
go


GO
-- ==========================================================
-- Cargar datos a la tabla: Usuario
-- ==========================================================

INSERT INTO Usuario ( nombreUsuario, contrasena ) VALUES ('alvaro', 'QbaSz/GYXDron4Nz3D/O1g==' );
GO
-- ==========================================================
-- Cargar datos a la tabla: cargo
-- ==========================================================

INSERT INTO cargo ( idcargo, nombre, sueldo_min, sueldo_max ) VALUES ( 'C01', 'Gerente General', 15000, 50000 );
INSERT INTO cargo ( idcargo, nombre, sueldo_min, sueldo_max ) VALUES ( 'C02', 'Gerente', 10000, 15000 );
INSERT INTO cargo ( idcargo, nombre, sueldo_min, sueldo_max ) VALUES ( 'C03', 'Empleado', 7000, 10000 );
INSERT INTO cargo ( idcargo, nombre, sueldo_min, sueldo_max ) VALUES ( 'C04', 'Analista', 5000, 7000 );
INSERT INTO cargo ( idcargo, nombre, sueldo_min, sueldo_max ) VALUES ( 'C05', 'Vendedor', 3000, 5000 );
INSERT INTO cargo ( idcargo, nombre, sueldo_min, sueldo_max ) VALUES ( 'C06', 'Oficinista', 1500, 3000 );
INSERT INTO cargo ( idcargo, nombre, sueldo_min, sueldo_max ) VALUES ( 'C07', 'Programador', 2500, 6000 );
INSERT INTO cargo ( idcargo, nombre, sueldo_min, sueldo_max ) VALUES ( 'C08', 'Investigador', 6000, 8000 );
INSERT INTO cargo ( idcargo, nombre, sueldo_min, sueldo_max ) VALUES ( 'C09', 'Digitador', 1000, 1500 );
INSERT INTO cargo ( idcargo, nombre, sueldo_min, sueldo_max ) VALUES ( 'C10', 'Anfitriona', 1300, 1800 );
GO

-- ==========================================================
-- Cargar datos a la tabla: ubicacion
-- ==========================================================

INSERT INTO ubicacion ( idubicacion, ciudad, direccion ) VALUES ( 'U01', 'Lima', 'Av. Benavides 534 - Miraflores' );
INSERT INTO ubicacion ( idubicacion, ciudad, direccion ) VALUES ( 'U02', 'Trujillo', 'Calle Primavera 1235 - Cercado' );
INSERT INTO ubicacion ( idubicacion, ciudad, direccion ) VALUES ( 'U03', 'Arequipa', 'Av. Central 2517 - Cercado' );
INSERT INTO ubicacion ( idubicacion, ciudad, direccion ) VALUES ( 'U04', 'Lima', 'Av. La Marina 3456 - San Miguel' );
GO

-- ==========================================================
-- Cargar datos a la tabla: departamento
-- ==========================================================

INSERT INTO departamento ( iddepartamento, nombre, idubicacion ) VALUES ( 100, 'Gerencia', 'U01' );
INSERT INTO departamento ( iddepartamento, nombre, idubicacion ) VALUES ( 101, 'Contabilidad', 'U01' );
INSERT INTO departamento ( iddepartamento, nombre, idubicacion ) VALUES ( 102, 'Investigacion', 'U03' );
INSERT INTO departamento ( iddepartamento, nombre, idubicacion ) VALUES ( 103, 'Ventas', 'U01' );
INSERT INTO departamento ( iddepartamento, nombre, idubicacion ) VALUES ( 104, 'Operaciones', 'U01' );
INSERT INTO departamento ( iddepartamento, nombre, idubicacion ) VALUES ( 105, 'Sistemas', 'U04' );
INSERT INTO departamento ( iddepartamento, nombre, idubicacion ) VALUES ( 106, 'Recursos Humanos', 'U04' );
INSERT INTO departamento ( iddepartamento, nombre, idubicacion ) VALUES ( 107, 'Finanzas', 'U01' );
GO

-- ==========================================================
-- Cargar datos a la tabla: empleado
-- ==========================================================

INSERT INTO empleado ( idempleado, apellido, nombre, fecingreso, email, telefono, idcargo, iddepartamento, sueldo, comision, jefe )
VALUES ( 'E0001', 'Coronel', 'Gustavo', '20000401', 'alumnos@gmalo.com', '996-664-457', 'C01', 100, 25000, NULL, NULL );

INSERT INTO empleado ( idempleado, apellido, nombre, fecingreso, email, telefono, idcargo, iddepartamento, sueldo, comision, jefe )
VALUES ( 'E0002', 'Fernandez', 'Claudia', '20000501', 'cfernandez@gmalo.com', '9345-8365', 'C03', 100, 8000, NULL, 'E0001' );

INSERT INTO empleado ( idempleado, apellido, nombre, fecingreso, email, telefono, idcargo, iddepartamento, sueldo, comision, jefe )
VALUES ( 'E0003', 'Matsukawa', 'Sergio', '20000401', 'smatsukawa@gmalo.com', '9772-8369', 'C02', 102, 15000, NULL, 'E0001' );

INSERT INTO empleado ( idempleado, apellido, nombre, fecingreso, email, telefono, idcargo, iddepartamento, sueldo, comision, jefe )
VALUES ( 'E0004', 'Diaz', 'Mariela', '20000410', 'mdiaz@gmalo.com', '8654-6734', 'C06', 102, 1800, NULL, 'E0003' );

INSERT INTO empleado ( idempleado, apellido, nombre, fecingreso, email, telefono, idcargo, iddepartamento, sueldo, comision, jefe )
VALUES ( 'E0005', 'Martinez', 'Roberto', '20000405', 'rmartinez@gmalo.com', NULL, 'C08', 102, 9000, 500, 'E0003' );

INSERT INTO empleado ( idempleado, apellido, nombre, fecingreso, email, telefono, idcargo, iddepartamento, sueldo, comision, jefe )
VALUES ( 'E0006', 'Espinoza', 'Miguel', '20000406', 'mespinoza@gmalo.com', NULL, 'C08', 102, 7500, 500, 'E0003' );

INSERT INTO empleado ( idempleado, apellido, nombre, fecingreso, email, telefono, idcargo, iddepartamento, sueldo, comision, jefe )
VALUES ( 'E0007', 'Ramos', 'Vanessa', '20020406', 'vramos@gmalo.com', '9456-3456', 'C08', 102, 7000, 500, 'E0003' );

INSERT INTO empleado ( idempleado, apellido, nombre, fecingreso, email, telefono, idcargo, iddepartamento, sueldo, comision, jefe )
VALUES ( 'E0008', 'Flores', 'Julio', '20000401', 'jflores@gmalo.com', NULL, 'C07', 102, 3500, 1000, 'E0003' );

INSERT INTO empleado ( idempleado, apellido, nombre, fecingreso, email, telefono, idcargo, iddepartamento, sueldo, comision, jefe )
VALUES ( 'E0009', 'Marcelo', 'Ricardo', '20000401', 'rmarcelo@gmalo.com', '9936-2966', 'C02', 101, 15000, NULL, 'E0001' );

INSERT INTO empleado ( idempleado, apellido, nombre, fecingreso, email, telefono, idcargo, iddepartamento, sueldo, comision, jefe )
VALUES ( 'E0010', 'Barrios', 'Guisella', '20010115', 'gbarrios@gmalo.com', '9023-4512', 'C03', 101, 8000, NULL, 'E0009' );

INSERT INTO empleado ( idempleado, apellido, nombre, fecingreso, email, telefono, idcargo, iddepartamento, sueldo, comision, jefe )
VALUES ( 'E0011', 'Cuellar', 'Lucy', '20030218', 'lcuellar@gmalo.com', NULL, 'C06', 101, 2000, NULL, 'E0009' );

INSERT INTO empleado ( idempleado, apellido, nombre, fecingreso, email, telefono, idcargo, iddepartamento, sueldo, comision, jefe )
VALUES ( 'E0012', 'Valencia', 'Hugo', '20000501', 'hvalencia@gmalo.com', '9732-5601', 'C02', 105, 18000, NULL, 'E0001' );

INSERT INTO empleado ( idempleado, apellido, nombre, fecingreso, email, telefono, idcargo, iddepartamento, sueldo, comision, jefe )
VALUES ( 'E0013', 'Veliz', 'Fortunato', '20000505', 'fveliz@gmalo.com', '9826-7603', 'C04', 105, 6000, NULL, 'E0012' );

INSERT INTO empleado ( idempleado, apellido, nombre, fecingreso, email, telefono, idcargo, iddepartamento, sueldo, comision, jefe )
VALUES ( 'E0014', 'Aguero', 'Octavio', '20000515', 'oaguero@gmalo.com', NULL, 'C07', 105, 3000, 300, 'E0012' );

INSERT INTO empleado ( idempleado, apellido, nombre, fecingreso, email, telefono, idcargo, iddepartamento, sueldo, comision, jefe )
VALUES ( 'E0015', 'Rosales', 'Cesar', '20030315', 'crosales@gmalo.com', NULL, 'C07', 105, 2500, 300, 'E0012' );

INSERT INTO empleado ( idempleado, apellido, nombre, fecingreso, email, telefono, idcargo, iddepartamento, sueldo, comision, jefe )
VALUES ( 'E0016', 'Villarreal', 'Nora', '20000501', 'nvillarreal@gmalo.com', '9371-3641', 'C02', 103, 15000, NULL, 'E0001' );

INSERT INTO empleado ( idempleado, apellido, nombre, fecingreso, email, telefono, idcargo, iddepartamento, sueldo, comision, jefe )
VALUES ( 'E0017', 'Romero', 'Alejandra', '20000503', 'aromero@gmalo.com', '8345-9526', 'C03', 103, 7500, NULL, 'E0016' );

INSERT INTO empleado ( idempleado, apellido, nombre, fecingreso, email, telefono, idcargo, iddepartamento, sueldo, comision, jefe )
VALUES ( 'E0018', 'Valdiviezo', 'Jennifer', '20000612', 'jvaldiviezo@gmalo.com', '9263-5172', 'C06', 103, 2000, NULL, 'E0016' );

INSERT INTO empleado ( idempleado, apellido, nombre, fecingreso, email, telefono, idcargo, iddepartamento, sueldo, comision, jefe )
VALUES ( 'E0019', 'Muchotrigo', 'Omar', '20000512', 'omuchotrigo@gmalo.com', '9963-5542', 'C05', 103, 3500, 500, 'E0016' );

INSERT INTO empleado ( idempleado, apellido, nombre, fecingreso, email, telefono, idcargo, iddepartamento, sueldo, comision, jefe )
VALUES ( 'E0020', 'Baltazar', 'Victor', '20000518', 'vbaltazar@gmalo.com', '9893-4433', 'C05', 103, 3000, 800, 'E0016' );

INSERT INTO empleado ( idempleado, apellido, nombre, fecingreso, email, telefono, idcargo, iddepartamento, sueldo, comision, jefe )
VALUES ( 'E0021', 'Castillo', 'Ronald', '20010518', 'rcastillo@gmalo.com', '9234-3487', 'C05', 103, 3000, 800, 'E0016' );

INSERT INTO empleado ( idempleado, apellido, nombre, fecingreso, email, telefono, idcargo, iddepartamento, sueldo, comision, jefe )
VALUES ( 'E0022', 'Espilco', 'Luis', '20020417', 'lespilco@gmalo.com', '9554-3456', 'C05', 103, 3000, 300, 'E0016' );

GO

-- ==========================================================
-- Cargar datos a la tabla: control
-- ==========================================================

INSERT INTO control ( parametro, valor ) VALUES ( 'Cargo', '10' );
INSERT INTO control ( parametro, valor ) VALUES ( 'Ubicacion', '4' );
INSERT INTO control ( parametro, valor ) VALUES ( 'Departamento', '107' );
INSERT INTO control ( parametro, valor ) VALUES ( 'Empleado', '22' );
INSERT INTO control ( parametro, valor ) VALUES ( 'Empresa', 'PeruDev' );
GO

